scenario,method,precision,recall,f1,roc_auc,far,delay
A1,B0,0.8025,1.0000,0.8905,0.8550,0.6889,
A1,B1,1.0000,1.0000,1.0000,1.0000,0.0000,
A1,B2,0.9692,1.0000,0.9844,1.0000,0.0889,
A1,ExtBaseline,1.0000,1.0000,1.0000,1.0000,0.0000,
A1,Variant A,1.0000,0.8968,0.9456,1.0000,0.0000,
A1,Variant B,1.0000,0.3730,0.5434,0.9571,0.0000,
A1,Fusion,0.9844,1.0000,0.9921,0.9574,0.0444,
A2,B0,0.8025,1.0000,0.8905,0.8675,0.6889,0.0
A2,B1,1.0000,1.0000,1.0000,1.0000,0.0000,0.0
A2,B2,0.9690,0.9921,0.9804,0.9993,0.0889,1.0
A2,ExtBaseline,1.0000,0.9841,0.9920,0.9986,0.0000,2.0
A2,Variant A,1.0000,0.8413,0.9138,0.9845,0.0000,5.0
A2,Variant B,1.0000,0.3016,0.4634,0.9443,0.0000,4.0
A2,Fusion,0.9844,1.0000,0.9921,0.9448,0.0444,0.0
A3,B0,0.5662,0.9872,0.7196,0.8562,0.6344,
A3,B1,1.0000,0.8590,0.9241,0.9653,0.0000,
A3,B2,0.9394,0.7949,0.8611,0.9167,0.0430,
A3,ExtBaseline,0.9437,0.8590,0.8993,0.9615,0.0430,
A3,Variant A,0.9200,0.5897,0.7188,0.8528,0.0430,
A3,Variant B,0.8889,0.2051,0.3333,0.8266,0.0215,
A3,Fusion,0.9459,0.8974,0.9211,0.8270,0.0430,
A4,B0,0.8025,1.0000,0.8905,1.0000,0.6889,
A4,B1,1.0000,1.0000,1.0000,1.0000,0.0000,
A4,B2,0.9692,1.0000,0.9844,1.0000,0.0889,
A4,ExtBaseline,1.0000,0.9921,0.9960,0.9998,0.0000,
A4,Variant A,1.0000,0.9683,0.9839,0.9937,0.0000,
A4,Variant B,1.0000,0.9683,0.9839,0.9986,0.0000,
A4,Fusion,0.9844,1.0000,0.9921,0.9986,0.0444,
A5,B0,0.8025,1.0000,0.8905,0.8619,0.6889,
A5,B1,1.0000,1.0000,1.0000,1.0000,0.0000,
A5,B2,0.9692,1.0000,0.9844,0.9998,0.0889,
A5,ExtBaseline,1.0000,0.9841,0.9920,0.9991,0.0000,
A5,Variant A,1.0000,0.7937,0.8850,0.9864,0.0000,
A5,Variant B,1.0000,0.2857,0.4444,0.9492,0.0000,
A5,Fusion,0.9844,1.0000,0.9921,0.9495,0.0444,
Benign,B0,0.0000,0.0000,0.0000,NaN,0.6959,
Benign,B1,0.0000,0.0000,0.0000,NaN,0.0000,
Benign,B2,0.0000,0.0000,0.0000,NaN,0.0468,
Benign,ExtBaseline,0.0000,0.0000,0.0000,NaN,0.0585,
Benign,Variant A,0.0000,0.0000,0.0000,NaN,0.0234,
Benign,Variant B,0.0000,0.0000,0.0000,NaN,0.0175,
Benign,Fusion,0.0000,0.0000,0.0000,NaN,0.0234,
CrossDevice_A1,B0,0.7925,1.0000,0.8842,0.9056,0.6215,
CrossDevice_A1,B1,1.0000,0.9984,0.9992,1.0000,0.0000,
CrossDevice_A1,B2,0.9691,0.9960,0.9824,0.9981,0.0753,
CrossDevice_A1,ExtBaseline,0.9913,1.0000,0.9957,1.0000,0.0207,
CrossDevice_A1,Variant A,0.9292,0.9167,0.9229,0.9439,0.1657,
CrossDevice_A1,Variant B,0.9324,0.3611,0.5206,0.9017,0.0621,
CrossDevice_A1,Fusion,0.9952,0.9944,0.9948,0.9015,0.0113,
CrossDevice_A2,B0,0.7923,0.9992,0.8838,0.9033,0.6215,
CrossDevice_A2,B1,1.0000,0.9976,0.9988,0.9991,0.0000,
CrossDevice_A2,B2,0.9691,0.9960,0.9824,0.9979,0.0753,
CrossDevice_A2,ExtBaseline,0.9913,0.9976,0.9945,0.9987,0.0207,
CrossDevice_A2,Variant A,0.9299,0.9262,0.9280,0.9446,0.1657,
CrossDevice_A2,Variant B,0.9317,0.3571,0.5164,0.9010,0.0621,
CrossDevice_A2,Fusion,0.9952,0.9944,0.9948,0.9008,0.0113,
CrossDevice_A3,B0,0.4402,0.9968,0.6107,0.8954,0.6778,
CrossDevice_A3,B1,1.0000,0.9087,0.9521,0.9948,0.0000,
CrossDevice_A3,B2,0.8470,0.8253,0.8360,0.9326,0.0797,
CrossDevice_A3,ExtBaseline,0.9378,0.8462,0.8896,0.9537,0.0300,
CrossDevice_A3,Variant A,0.7281,0.7981,0.7615,0.8990,0.1594,
CrossDevice_A3,Variant B,0.7131,0.2869,0.4091,0.8267,0.0617,
CrossDevice_A3,Fusion,0.9861,0.9087,0.9458,0.8265,0.0069,
CrossDevice_A4,B0,0.7925,1.0000,0.8842,0.9991,0.6215,
CrossDevice_A4,B1,1.0000,0.9984,0.9992,0.9991,0.0000,
CrossDevice_A4,B2,0.9690,0.9937,0.9812,0.9976,0.0753,
CrossDevice_A4,ExtBaseline,0.9913,0.9976,0.9945,0.9986,0.0207,
CrossDevice_A4,Variant A,0.9346,0.9976,0.9651,0.9990,0.1657,
CrossDevice_A4,Variant B,0.9744,0.9976,0.9859,0.9993,0.0621,
CrossDevice_A4,Fusion,0.9953,0.9984,0.9968,0.9983,0.0113,
CrossDevice_A5,B0,0.7925,1.0000,0.8842,0.9049,0.6215,
CrossDevice_A5,B1,1.0000,0.9984,0.9992,1.0000,0.0000,
CrossDevice_A5,B2,0.9691,0.9952,0.9820,0.9977,0.0753,
CrossDevice_A5,ExtBaseline,0.9913,0.9976,0.9945,0.9986,0.0207,
CrossDevice_A5,Variant A,0.9299,0.9270,0.9285,0.9468,0.1657,
CrossDevice_A5,Variant B,0.9339,0.3698,0.5298,0.8989,0.0621,
CrossDevice_A5,Fusion,0.9952,0.9952,0.9952,0.8988,0.0113,
CrossDevice_Benign,B0,0.0000,0.0000,0.0000,NaN,0.6628,
CrossDevice_Benign,B1,0.0000,0.0000,0.0000,NaN,0.0000,
CrossDevice_Benign,B2,0.0000,0.0000,0.0000,NaN,0.0759,
CrossDevice_Benign,ExtBaseline,0.0000,0.0000,0.0000,NaN,0.0357,
CrossDevice_Benign,Variant A,0.0000,0.0000,0.0000,NaN,0.1848,
CrossDevice_Benign,Variant B,0.0000,0.0000,0.0000,NaN,0.0659,
CrossDevice_Benign,Fusion,0.0000,0.0000,0.0000,NaN,0.0123,
