drift_rate,method,recall_mean,recall_ci,delay_mean,delay_ci
0.1,Variant A,0.7619,0.0890,6.1,2.7
0.1,Variant B,0.5929,0.0916,3.3,2.0
0.1,B0,0.9992,0.0015,0.1,0.2
0.1,B1,0.9881,0.0045,1.3,0.5
0.1,B2,0.9270,0.0275,1.7,0.8
0.1,ExtBaseline,0.9778,0.0079,2.8,1.0
0.5,Variant A,0.7635,0.0884,6.1,2.7
0.5,Variant B,0.5341,0.1016,2.7,1.5
0.5,B0,0.9992,0.0015,0.1,0.2
0.5,B1,0.9881,0.0045,1.3,0.5
0.5,B2,0.9460,0.0222,1.1,0.8
0.5,ExtBaseline,0.9778,0.0069,2.8,0.9
1.0,Variant A,0.7635,0.0889,6.1,2.7
1.0,Variant B,0.5675,0.0798,2.7,1.7
1.0,B0,0.9992,0.0015,0.1,0.2
1.0,B1,0.9881,0.0045,1.3,0.5
1.0,B2,0.9579,0.0274,1.1,0.8
1.0,ExtBaseline,0.9794,0.0080,2.6,1.0
2.0,Variant A,0.7643,0.0888,5.0,2.5
2.0,Variant B,0.5468,0.1100,1.8,1.1
2.0,B0,0.9992,0.0015,0.1,0.2
2.0,B1,0.9881,0.0045,1.3,0.5
2.0,B2,0.9397,0.0310,1.0,0.8
2.0,ExtBaseline,0.9802,0.0086,2.5,1.1
5.0,Variant A,0.7968,0.0763,1.8,1.4
5.0,Variant B,0.6754,0.0756,0.3,0.6
5.0,B0,0.9992,0.0015,0.1,0.2
5.0,B1,0.9881,0.0045,1.3,0.5
5.0,B2,0.9579,0.0235,0.0,0.0
5.0,ExtBaseline,0.9833,0.0089,2.0,1.2
