attack,method,f1_mean,f1_ci,auc_mean,auc_ci,precision_mean,precision_ci,recall_mean,recall_ci,far_mean,far_ci
A1,B0,0.8986,0.0129,0.9089,0.0304,0.8184,0.0225,0.9995,0.0007,0.6400,0.0870
A1,B1,0.9963,0.0014,0.9993,0.0006,1.0000,0.0000,0.9926,0.0027,0.0000,0.0000
A1,B2,0.9654,0.0105,0.9906,0.0057,0.9801,0.0061,0.9532,0.0196,0.0556,0.0175
A1,ExtBaseline,0.9950,0.0022,1.0000,0.0000,0.9902,0.0044,1.0000,0.0000,0.0281,0.0126
A1,Variant A,0.8657,0.0395,0.9982,0.0018,0.9871,0.0068,0.7878,0.0585,0.0311,0.0173
A1,Variant B,0.7258,0.0504,0.9467,0.0089,0.9737,0.0062,0.5971,0.0599,0.0437,0.0111
A1,Fusion,0.9796,0.0131,0.9972,0.0024,0.9874,0.0081,0.9735,0.0204,0.0348,0.0219
A2,B0,0.8985,0.0131,0.9068,0.0323,0.8183,0.0226,0.9992,0.0009,0.6400,0.0870
A2,B1,0.9955,0.0014,0.9993,0.0006,1.0000,0.0000,0.9910,0.0027,0.0000,0.0000
A2,B2,0.9600,0.0100,0.9878,0.0057,0.9798,0.0062,0.9426,0.0182,0.0556,0.0175
A2,ExtBaseline,0.9853,0.0021,0.9931,0.0020,0.9901,0.0044,0.9807,0.0038,0.0281,0.0126
A2,Variant A,0.8377,0.0464,0.9912,0.0049,0.9866,0.0071,0.7497,0.0664,0.0311,0.0173
A2,Variant B,0.6893,0.0564,0.9400,0.0096,0.9717,0.0066,0.5556,0.0635,0.0437,0.0111
A2,Fusion,0.9788,0.0133,0.9977,0.0016,0.9873,0.0081,0.9720,0.0204,0.0348,0.0219
A3,B0,0.7308,0.0145,0.9052,0.0169,0.5805,0.0188,0.9915,0.0036,0.6125,0.0458
A3,B1,0.9566,0.0051,0.9935,0.0028,1.0000,0.0000,0.9171,0.0095,0.0000,0.0000
A3,B2,0.8199,0.0142,0.9078,0.0097,0.9269,0.0143,0.7389,0.0223,0.0509,0.0112
A3,ExtBaseline,0.9030,0.0125,0.9487,0.0066,0.9402,0.0182,0.8701,0.0131,0.0484,0.0158
A3,Variant A,0.6846,0.0488,0.9178,0.0223,0.9141,0.0267,0.5679,0.0621,0.0473,0.0158
A3,Variant B,0.5518,0.0512,0.8458,0.0137,0.8741,0.0230,0.4171,0.0495,0.0480,0.0111
A3,Fusion,0.9067,0.0194,0.9719,0.0106,0.9581,0.0145,0.8628,0.0266,0.0315,0.0108
A4,B0,0.8985,0.0128,0.9965,0.0013,0.8183,0.0226,0.9992,0.0011,0.6400,0.0870
A4,B1,0.9952,0.0016,0.9994,0.0006,1.0000,0.0000,0.9905,0.0031,0.0000,0.0000
A4,B2,0.9570,0.0108,0.9880,0.0053,0.9798,0.0061,0.9373,0.0199,0.0556,0.0175
A4,ExtBaseline,0.9858,0.0023,0.9930,0.0020,0.9901,0.0044,0.9817,0.0035,0.0281,0.0126
A4,Variant A,0.9814,0.0030,0.9938,0.0035,0.9891,0.0059,0.9741,0.0052,0.0311,0.0173
A4,Variant B,0.9833,0.0022,0.9967,0.0009,0.9845,0.0039,0.9823,0.0039,0.0437,0.0111
A4,Fusion,0.9838,0.0120,0.9985,0.0012,0.9874,0.0081,0.9812,0.0176,0.0348,0.0219
A5,B0,0.8986,0.0131,0.9050,0.0332,0.8183,0.0226,0.9995,0.0007,0.6400,0.0870
A5,B1,0.9963,0.0012,0.9992,0.0007,1.0000,0.0000,0.9926,0.0023,0.0000,0.0000
A5,B2,0.9609,0.0103,0.9879,0.0056,0.9799,0.0062,0.9444,0.0186,0.0556,0.0175
A5,ExtBaseline,0.9855,0.0023,0.9927,0.0022,0.9901,0.0044,0.9812,0.0035,0.0281,0.0126
A5,Variant A,0.8404,0.0457,0.9903,0.0050,0.9865,0.0072,0.7532,0.0655,0.0311,0.0173
A5,Variant B,0.6866,0.0593,0.9407,0.0099,0.9712,0.0069,0.5545,0.0666,0.0437,0.0111
A5,Fusion,0.9781,0.0132,0.9976,0.0016,0.9873,0.0081,0.9706,0.0203,0.0348,0.0219
